-- MySQL dump 10.13  Distrib 8.0.39, for Linux (x86_64)
--
-- Host: localhost    Database: nest-nh3
-- ------------------------------------------------------
-- Server version	8.0.39-0ubuntu0.22.04.1

/*!40101 SET @OLD_CHARACTER_SET_CLIENT=@@CHARACTER_SET_CLIENT */;
/*!40101 SET @OLD_CHARACTER_SET_RESULTS=@@CHARACTER_SET_RESULTS */;
/*!40101 SET @OLD_COLLATION_CONNECTION=@@COLLATION_CONNECTION */;
/*!50503 SET NAMES utf8mb4 */;
/*!40103 SET @OLD_TIME_ZONE=@@TIME_ZONE */;
/*!40103 SET TIME_ZONE='+00:00' */;
/*!40014 SET @OLD_UNIQUE_CHECKS=@@UNIQUE_CHECKS, UNIQUE_CHECKS=0 */;
/*!40014 SET @OLD_FOREIGN_KEY_CHECKS=@@FOREIGN_KEY_CHECKS, FOREIGN_KEY_CHECKS=0 */;
/*!40101 SET @OLD_SQL_MODE=@@SQL_MODE, SQL_MODE='NO_AUTO_VALUE_ON_ZERO' */;
/*!40111 SET @OLD_SQL_NOTES=@@SQL_NOTES, SQL_NOTES=0 */;

--
-- Table structure for table `ErrorMessage`
--

DROP TABLE IF EXISTS `ErrorMessage`;
/*!40101 SET @saved_cs_client     = @@character_set_client */;
/*!50503 SET character_set_client = utf8mb4 */;
CREATE TABLE `ErrorMessage` (
  `id` int NOT NULL AUTO_INCREMENT,
  `message` varchar(191) COLLATE utf8mb4_unicode_ci NOT NULL,
  `timestamp` datetime(3) NOT NULL DEFAULT CURRENT_TIMESTAMP(3),
  PRIMARY KEY (`id`)
) ENGINE=InnoDB DEFAULT CHARSET=utf8mb4 COLLATE=utf8mb4_unicode_ci;
/*!40101 SET character_set_client = @saved_cs_client */;

--
-- Dumping data for table `ErrorMessage`
--

LOCK TABLES `ErrorMessage` WRITE;
/*!40000 ALTER TABLE `ErrorMessage` DISABLE KEYS */;
/*!40000 ALTER TABLE `ErrorMessage` ENABLE KEYS */;
UNLOCK TABLES;

--
-- Table structure for table `Panel`
--

DROP TABLE IF EXISTS `Panel`;
/*!40101 SET @saved_cs_client     = @@character_set_client */;
/*!50503 SET character_set_client = utf8mb4 */;
CREATE TABLE `Panel` (
  `id` int NOT NULL AUTO_INCREMENT,
  `path` varchar(191) COLLATE utf8mb4_unicode_ci NOT NULL,
  `address` int NOT NULL,
  `name` varchar(191) COLLATE utf8mb4_unicode_ci DEFAULT NULL,
  PRIMARY KEY (`id`),
  UNIQUE KEY `Panel_address_key` (`address`)
) ENGINE=InnoDB AUTO_INCREMENT=3 DEFAULT CHARSET=utf8mb4 COLLATE=utf8mb4_unicode_ci;
/*!40101 SET character_set_client = @saved_cs_client */;

--
-- Dumping data for table `Panel`
--

LOCK TABLES `Panel` WRITE;
/*!40000 ALTER TABLE `Panel` DISABLE KEYS */;
INSERT INTO `Panel` VALUES (1,'',2,NULL),(2,'',1,NULL);
/*!40000 ALTER TABLE `Panel` ENABLE KEYS */;
UNLOCK TABLES;

--
-- Table structure for table `Sensor`
--

DROP TABLE IF EXISTS `Sensor`;
/*!40101 SET @saved_cs_client     = @@character_set_client */;
/*!50503 SET character_set_client = utf8mb4 */;
CREATE TABLE `Sensor` (
  `id` int NOT NULL AUTO_INCREMENT,
  `name` varchar(191) COLLATE utf8mb4_unicode_ci NOT NULL,
  `horn` tinyint(1) NOT NULL DEFAULT '0',
  `address` int NOT NULL,
  `panelId` int NOT NULL DEFAULT '1',
  PRIMARY KEY (`id`),
  UNIQUE KEY `Sensor_panelId_name_key` (`panelId`,`name`),
  UNIQUE KEY `Sensor_panelId_address_key` (`panelId`,`address`),
  CONSTRAINT `Sensor_panelId_fkey` FOREIGN KEY (`panelId`) REFERENCES `Panel` (`address`) ON DELETE RESTRICT ON UPDATE CASCADE
) ENGINE=InnoDB AUTO_INCREMENT=48 DEFAULT CHARSET=utf8mb4 COLLATE=utf8mb4_unicode_ci;
/*!40101 SET character_set_client = @saved_cs_client */;

--
-- Dumping data for table `Sensor`
--

LOCK TABLES `Sensor` WRITE;
/*!40000 ALTER TABLE `Sensor` DISABLE KEYS */;
INSERT INTO `Sensor` VALUES (1,'sz1 (PANEL2)',0,1,2),(2,'sz2 (PANEL2)',0,2,2),(3,'sz3',0,3,2),(4,'sz4',0,4,2),(5,'sz5',0,5,2),(6,'sz6',0,6,2),(7,'sz7',0,7,2),(8,'sz8',0,8,2),(11,'sz9',0,9,2),(12,'sz10',0,10,2),(13,'sz11',0,11,2),(14,'sz12',0,12,2),(15,'sz13',0,13,2),(16,'sz14',0,14,2),(17,'sz15',0,15,2),(18,'sz16',0,16,2),(19,'sz17',0,17,2),(20,'sz18',0,18,2),(21,'sz19',0,19,2),(22,'sz20',0,20,2),(23,'sz21',0,21,2),(24,'sz22',0,22,2),(25,'sz23',0,23,2),(26,'sz24',0,24,2),(27,'sz25',0,25,2),(28,'sz26',0,26,2),(29,'sz27',0,27,2),(30,'sz28',0,28,2),(31,'sz29',0,29,2),(32,'sz30',0,30,2),(33,'sz31',0,31,2),(34,'sz32',0,32,2),(35,'sz33',0,33,2),(36,'sz34',0,34,2),(37,'sz35',0,35,2),(38,'sz36',0,36,2),(39,'sz37',0,37,2),(40,'sz1',0,1,1),(41,'sz2',0,2,1),(42,'sz8',0,8,1),(43,'sz7',0,7,1),(44,'sz6',0,6,1),(45,'sz5',0,5,1),(46,'sz4',0,4,1),(47,'sz3',0,3,1);
/*!40000 ALTER TABLE `Sensor` ENABLE KEYS */;
UNLOCK TABLES;

--
-- Table structure for table `SensorHistory`
--

DROP TABLE IF EXISTS `SensorHistory`;
/*!40101 SET @saved_cs_client     = @@character_set_client */;
/*!50503 SET character_set_client = utf8mb4 */;
CREATE TABLE `SensorHistory` (
  `id` int NOT NULL AUTO_INCREMENT,
  `timestamp` datetime(3) NOT NULL,
  `value` double NOT NULL,
  `sensorId` int NOT NULL,
  PRIMARY KEY (`id`),
  KEY `SensorHistory_sensorId_fkey` (`sensorId`),
  CONSTRAINT `SensorHistory_sensorId_fkey` FOREIGN KEY (`sensorId`) REFERENCES `Sensor` (`id`) ON DELETE RESTRICT ON UPDATE CASCADE
) ENGINE=InnoDB AUTO_INCREMENT=75 DEFAULT CHARSET=utf8mb4 COLLATE=utf8mb4_unicode_ci;
/*!40101 SET character_set_client = @saved_cs_client */;

--
-- Dumping data for table `SensorHistory`
--

LOCK TABLES `SensorHistory` WRITE;
/*!40000 ALTER TABLE `SensorHistory` DISABLE KEYS */;
INSERT INTO `SensorHistory` VALUES (2,'2024-10-23 12:25:34.382',77.93,40),(3,'2024-10-23 12:25:46.172',77.93,41),(4,'2024-10-23 12:25:46.373',77.93,43),(5,'2024-10-23 12:25:46.575',77.93,45),(6,'2024-10-23 12:25:46.945',77.93,47),(7,'2024-10-23 12:25:46.677',77.93,46),(8,'2024-10-23 12:25:40.228',77.93,40),(9,'2024-10-23 12:25:46.474',77.93,44),(10,'2024-10-23 12:25:46.273',77.93,42),(11,'2024-10-23 12:25:51.376',77.93,43),(12,'2024-10-23 12:25:51.947',77.93,47),(13,'2024-10-23 12:25:45.512',77.93,40),(14,'2024-10-23 12:25:51.577',77.93,45),(15,'2024-10-23 12:25:51.477',77.93,44),(16,'2024-10-23 12:25:51.175',77.93,41),(17,'2024-10-23 12:25:51.678',77.93,46),(18,'2024-10-23 12:25:51.276',77.93,42),(19,'2024-10-23 12:25:56.176',77.93,41),(20,'2024-10-23 12:25:50.653',77.93,40),(21,'2024-10-23 12:25:56.276',77.93,42),(22,'2024-10-23 12:25:56.678',77.93,46),(23,'2024-10-23 12:25:56.577',77.93,45),(24,'2024-10-23 12:25:56.946',77.93,47),(25,'2024-10-23 12:25:56.376',77.93,43),(26,'2024-10-23 12:25:56.477',77.93,44),(27,'2024-10-23 12:26:01.580',77.93,45),(28,'2024-10-23 12:26:01.949',77.93000000000002,47),(29,'2024-10-23 12:26:01.681',77.93,46),(30,'2024-10-23 12:26:01.479',77.93,44),(31,'2024-10-23 12:26:01.178',77.93,41),(32,'2024-10-23 12:25:55.739',77.93,40),(33,'2024-10-23 12:26:01.379',77.93,43),(34,'2024-10-23 12:26:01.278',77.93,42),(35,'2024-10-23 12:36:51.972',6.745593220338981,41),(36,'2024-10-23 12:36:52.744',7.692259887005649,47),(37,'2024-10-23 12:36:46.841',5.297833333333331,40),(38,'2024-10-23 12:36:52.374',11.06152542372881,45),(39,'2024-10-23 12:36:52.273',6.137118644067796,44),(40,'2024-10-23 12:36:52.475',4.524576271186438,46),(41,'2024-10-23 12:36:52.072',4.570508474576267,42),(42,'2024-10-23 12:36:52.173',10.71593220338983,43),(43,'2024-10-23 12:46:47.396',6.709666666666664,43),(44,'2024-10-23 12:46:47.698',6.294166666666664,46),(45,'2024-10-23 12:46:47.966',6.213388888888881,47),(46,'2024-10-23 12:46:47.195',6.55433333333333,41),(47,'2024-10-23 12:46:47.497',7.162666666666665,44),(48,'2024-10-23 12:46:47.096',11.39099999999999,40),(49,'2024-10-23 12:46:47.597',7.770166666666666,45),(50,'2024-10-23 12:46:47.296',8.846833333333329,42),(51,'2024-10-23 12:56:48.205',6.387777777777773,47),(52,'2024-10-23 12:56:47.936',9.366166666666665,46),(53,'2024-10-23 12:56:47.735',8.117499999999998,44),(54,'2024-10-23 12:56:47.836',9.174166666666661,45),(55,'2024-10-23 12:56:47.334',9.69566666666667,40),(56,'2024-10-23 12:56:47.635',9.184833333333328,43),(57,'2024-10-23 12:56:47.534',5.589166666666662,42),(58,'2024-10-23 12:56:47.434',5.010666666666666,41),(59,'2024-10-23 13:06:48.181',6.67933333333333,46),(60,'2024-10-23 13:06:48.449',6.846166666666663,47),(61,'2024-10-23 13:06:48.080',9.21933333333333,45),(62,'2024-10-23 13:06:47.678',5.072666666666664,41),(63,'2024-10-23 13:06:47.778',6.167999999999998,42),(64,'2024-10-23 13:06:47.879',6.189333333333329,43),(65,'2024-10-23 13:06:47.578',4.72183333333333,40),(66,'2024-10-23 13:06:47.979',7.067666666666664,44),(67,'2024-10-23 13:16:48.393',8.860999999999997,46),(68,'2024-10-23 13:16:47.890',3.132666666666664,41),(69,'2024-10-23 13:16:47.991',8.481833333333332,42),(70,'2024-10-23 13:16:48.662',7.146777777777777,47),(71,'2024-10-23 13:16:48.192',6.261666666666662,44),(72,'2024-10-23 13:16:48.292',3.908833333333332,45),(73,'2024-10-23 13:16:47.791',8.535833333333333,40),(74,'2024-10-23 13:16:48.091',4.969833333333328,43);
/*!40000 ALTER TABLE `SensorHistory` ENABLE KEYS */;
UNLOCK TABLES;

--
-- Table structure for table `Siren`
--

DROP TABLE IF EXISTS `Siren`;
/*!40101 SET @saved_cs_client     = @@character_set_client */;
/*!50503 SET character_set_client = utf8mb4 */;
CREATE TABLE `Siren` (
  `id` int NOT NULL AUTO_INCREMENT,
  `name` varchar(191) COLLATE utf8mb4_unicode_ci NOT NULL,
  `muted` tinyint(1) NOT NULL DEFAULT '0',
  `address` int NOT NULL DEFAULT '0',
  `on` tinyint(1) NOT NULL DEFAULT '0',
  `panelId` int NOT NULL DEFAULT '1',
  PRIMARY KEY (`id`),
  UNIQUE KEY `Siren_panelId_name_key` (`panelId`,`name`),
  UNIQUE KEY `Siren_panelId_address_key` (`panelId`,`address`),
  CONSTRAINT `Siren_panelId_fkey` FOREIGN KEY (`panelId`) REFERENCES `Panel` (`address`) ON DELETE RESTRICT ON UPDATE CASCADE
) ENGINE=InnoDB AUTO_INCREMENT=3 DEFAULT CHARSET=utf8mb4 COLLATE=utf8mb4_unicode_ci;
/*!40101 SET character_set_client = @saved_cs_client */;

--
-- Dumping data for table `Siren`
--

LOCK TABLES `Siren` WRITE;
/*!40000 ALTER TABLE `Siren` DISABLE KEYS */;
INSERT INTO `Siren` VALUES (1,'Siren 1',0,20,0,1),(2,'Központi Sziréna',0,0,0,1);
/*!40000 ALTER TABLE `Siren` ENABLE KEYS */;
UNLOCK TABLES;

--
-- Table structure for table `Tesztmode`
--

DROP TABLE IF EXISTS `Tesztmode`;
/*!40101 SET @saved_cs_client     = @@character_set_client */;
/*!50503 SET character_set_client = utf8mb4 */;
CREATE TABLE `Tesztmode` (
  `id` int NOT NULL DEFAULT '1',
  `isOn` tinyint(1) NOT NULL,
  PRIMARY KEY (`id`)
) ENGINE=InnoDB DEFAULT CHARSET=utf8mb4 COLLATE=utf8mb4_unicode_ci;
/*!40101 SET character_set_client = @saved_cs_client */;

--
-- Dumping data for table `Tesztmode`
--

LOCK TABLES `Tesztmode` WRITE;
/*!40000 ALTER TABLE `Tesztmode` DISABLE KEYS */;
INSERT INTO `Tesztmode` VALUES (1,1);
/*!40000 ALTER TABLE `Tesztmode` ENABLE KEYS */;
UNLOCK TABLES;

--
-- Table structure for table `_prisma_migrations`
--

DROP TABLE IF EXISTS `_prisma_migrations`;
/*!40101 SET @saved_cs_client     = @@character_set_client */;
/*!50503 SET character_set_client = utf8mb4 */;
CREATE TABLE `_prisma_migrations` (
  `id` varchar(36) COLLATE utf8mb4_unicode_ci NOT NULL,
  `checksum` varchar(64) COLLATE utf8mb4_unicode_ci NOT NULL,
  `finished_at` datetime(3) DEFAULT NULL,
  `migration_name` varchar(255) COLLATE utf8mb4_unicode_ci NOT NULL,
  `logs` text COLLATE utf8mb4_unicode_ci,
  `rolled_back_at` datetime(3) DEFAULT NULL,
  `started_at` datetime(3) NOT NULL DEFAULT CURRENT_TIMESTAMP(3),
  `applied_steps_count` int unsigned NOT NULL DEFAULT '0',
  PRIMARY KEY (`id`)
) ENGINE=InnoDB DEFAULT CHARSET=utf8mb4 COLLATE=utf8mb4_unicode_ci;
/*!40101 SET character_set_client = @saved_cs_client */;

--
-- Dumping data for table `_prisma_migrations`
--

LOCK TABLES `_prisma_migrations` WRITE;
/*!40000 ALTER TABLE `_prisma_migrations` DISABLE KEYS */;
INSERT INTO `_prisma_migrations` VALUES ('01d836f2-f7a9-417f-bd8b-2804f063fdd9','6117c7d102d03305e510611a27499cd728f770070c8f94ff4ea91cef3f8b63d1','2024-10-15 15:19:20.682','20230330071737_rename_number_to_adress',NULL,NULL,'2024-10-15 15:19:20.665',1),('13e7a3b3-8af7-4d31-8217-a70836f26dbb','03dd7ca5a82e312e302d28632911efe73c2cb18b6113a72d3556929927f8fa97','2024-10-15 15:19:21.099','20230511070916_add_error_message',NULL,NULL,'2024-10-15 15:19:21.064',1),('165592dd-7d4e-4a66-8082-2f2729261a01','34af23d5900b612f8a09d9a123befb14bdb52a0509ca0374b0ba3632e37e7760','2024-10-15 15:19:20.784','20230330132642_unique_name',NULL,NULL,'2024-10-15 15:19:20.762',1),('1a6250b4-5237-4861-81dd-052cfd800ac3','a0bc499928c99ac422149f4badc45526e6df9775915f697eaf72e51675c4a0e6','2024-10-15 15:19:21.615','20240903141018_panel_unique_address',NULL,NULL,'2024-10-15 15:19:21.585',1),('24287dbc-c371-4242-b641-cb77c94693bc','17926c5663e8463fa01a1d87e6bd7f4d209c6536b712912611376c78873cbfa1','2024-10-15 15:19:20.583','20230327082920_init',NULL,NULL,'2024-10-15 15:19:20.475',1),('292a2e5f-fb19-455c-9c56-23e81276f821','c9ee35c6f558e167c7f031f63b33a321c91e91ece54c89e931e84d1b98a1e8c1','2024-10-15 15:19:20.760','20230330071910_adress_to_address',NULL,NULL,'2024-10-15 15:19:20.712',1),('2f43d792-be20-4903-86ab-c229e7f86db4','16db70378458a9bfdb66949bd3608cfd237daee0098e28cf841d92efc71364ce','2024-10-15 15:19:20.985','20230504155750_siren_update',NULL,NULL,'2024-10-15 15:19:20.954',1),('32d2f79c-de3e-466b-b880-fdd5a32b87a8','bea1c2d264b86009917efdcf903657222fe45ebbe75b988474d354daa2124a4c','2024-10-15 15:19:21.583','20240825150831_panel_int_address',NULL,NULL,'2024-10-15 15:19:21.515',1),('338ed005-0f18-46d4-be64-ba191b177b48','07f9d9c1e034a8a63ad37b74cf5115948caf2bd4b4a9d40a18dc1496b5baeb88','2024-10-15 15:19:21.038','20230504160018_address_integer',NULL,NULL,'2024-10-15 15:19:20.987',1),('3b56f2e0-6fbb-4240-b468-342f3f98a5f1','fef2ce1d95b24ea2ffd116ff02a3503b42550775c6eeca5cfd4d30f4110da21b','2024-10-15 15:19:21.256','20240824131555_add_panel',NULL,NULL,'2024-10-15 15:19:21.126',1),('64a52d49-c649-449e-a3d4-65a25f07e652','eedff646df29f8b9ad27946bf9108308aa88ec10e1d4fb2d9dbf563d54fbab36','2024-10-15 15:19:20.662','20230330071624_rename_number_to_adress',NULL,NULL,'2024-10-15 15:19:20.628',1),('64cae331-8699-4563-a693-036732ccc775','c70508a4ee8f9067c3812132e85c9aa4a20e0f740f11be0e079c44e36d508c2b','2024-10-15 15:19:20.626','20230327083001_init2',NULL,NULL,'2024-10-15 15:19:20.585',1),('67858f4f-8d7f-4993-a882-fc4215e43614','547ca0563d37e91d78213e8d8283af0bbcfe297c2d3398e6ca871d09de795e14','2024-10-15 15:19:21.351','20240824132656_sensor_unique_constraints',NULL,NULL,'2024-10-15 15:19:21.296',1),('72923049-42e9-4f7c-813d-ec646c254c5f','1219f4e423990f85f1981efe1063a79f9896f189e3eb737b20fbf26ba5839f1e','2024-10-15 15:19:20.820','20230406070803_add_siren',NULL,NULL,'2024-10-15 15:19:20.786',1),('792d997e-a13b-4ad2-82f1-df4da177bb83','82b51926300d3a54adca8b86faafecb4936c5afd05d57553fe4e695b2cd0cd9d','2024-10-15 15:19:20.908','20230406072037_not_unique_address',NULL,NULL,'2024-10-15 15:19:20.886',1),('7b87ee8b-35a0-4298-a9f0-c24bd000fc4d','99ca0e6a22804c1093a4acffed0ccc3d3cb023c50d44f972237b6de955b89649','2024-10-15 15:19:21.740','20240918101927_panel_id_pointing_address',NULL,NULL,'2024-10-15 15:19:21.618',1),('9197db72-22f3-47cf-94c7-88d26fad683b','55b5e500944ac282df6a15f231ab39c2dd86972e690aee9f17a14ce6e3e15ab8','2024-10-15 15:19:20.883','20230406071946_address_int_to_string',NULL,NULL,'2024-10-15 15:19:20.823',1),('b4802d0d-1a8b-4ef5-84ab-563d904c9f15','62c3a35752a4f902f8425d9e87451c0e236fd70e04910933cc51e72b0881d256','2024-10-15 15:19:21.511','20240825091045_add_panel_to_siren',NULL,NULL,'2024-10-15 15:19:21.399',1),('bb47e634-0347-480d-ba25-47544aa345d8','8bb9240a0e4042a40637e8151fcfee748541ca67f59c334cb5a23305dee6d0d6','2024-10-15 15:19:21.294','20240824131801_add_panel2',NULL,NULL,'2024-10-15 15:19:21.259',1),('d15a2ca0-b65a-4e41-b31d-8f7fceb6cf8d','d0b5b80fb85dfe26699709ea16fbc5d1aff510f22ff163690c8a77f7e688f7ae','2024-10-15 15:19:20.931','20230504120455_on_off_address_on_sirens',NULL,NULL,'2024-10-15 15:19:20.911',1),('dafe917f-3a99-4f69-98ed-a08463502437','0f364c54b66f4f748918c13d1a266bd86756e7ed5293ab6f6c0d1fb0e21425bb','2024-10-15 15:19:21.397','20240824133046_',NULL,NULL,'2024-10-15 15:19:21.354',1),('ddbcc492-bf0a-4abd-9c18-2f69b65c4e31','ce599bae57377ab8d2b6359a88ffcc9beaccf4bbc24bdfe0011426307f229f0a','2024-10-15 15:19:20.709','20230330071849_add_unique_to_adress',NULL,NULL,'2024-10-15 15:19:20.684',1),('e0d035a7-1664-4e76-a806-6093d3835256','1f508da9bf3c649ca41bcafd4d8fcdcba44c67dd6c6ea3ed7662bc227d1d2e3f','2024-10-15 15:19:21.061','20230508132516_create_tesztmode',NULL,NULL,'2024-10-15 15:19:21.041',1),('fcf2bbb5-4ece-4998-9089-b46466765b14','89b231a8f21f8bf16f197faf439a9183026100b48ab073ca4a05d9b543d12642','2024-10-15 15:19:21.123','20230511075413_default_now_errormessage',NULL,NULL,'2024-10-15 15:19:21.103',1);
/*!40000 ALTER TABLE `_prisma_migrations` ENABLE KEYS */;
UNLOCK TABLES;
/*!40103 SET TIME_ZONE=@OLD_TIME_ZONE */;

/*!40101 SET SQL_MODE=@OLD_SQL_MODE */;
/*!40014 SET FOREIGN_KEY_CHECKS=@OLD_FOREIGN_KEY_CHECKS */;
/*!40014 SET UNIQUE_CHECKS=@OLD_UNIQUE_CHECKS */;
/*!40101 SET CHARACTER_SET_CLIENT=@OLD_CHARACTER_SET_CLIENT */;
/*!40101 SET CHARACTER_SET_RESULTS=@OLD_CHARACTER_SET_RESULTS */;
/*!40101 SET COLLATION_CONNECTION=@OLD_COLLATION_CONNECTION */;
/*!40111 SET SQL_NOTES=@OLD_SQL_NOTES */;

-- Dump completed on 2024-10-24 14:24:49
